{
  "controller/View1-dbg.controller.js": 1603309955000,
  "controller/View1.controller.js": 1603309955000,
  "model/models.js": 1603309955000,
  "manifest.json": 1603364497755,
  "Component.js": 1603309955000,
  "manifest-bundle.zip": 1603364497454,
  "Component-preload.js": 1603364497720,
  "Component-dbg.js": 1603309955000,
  "i18n/i18n.properties": 1603309955000,
  "model/models-dbg.js": 1603309955000,
  "resources.json": 1603364497759,
  "view/View1.view.xml": 1603363438700,
  "css/style.css": 1603309955000,
  "index.html": 1603309955000
}