{
  "manifest.json": 1659429957726,
  "model/models.js": 1659429234166,
  "i18n/i18n.properties": 1659429234163,
  "controller/View1.controller.js": 1659429234161,
  "Component.js": 1659429234161,
  "manifest-bundle.zip": 1659429957441,
  "Component-preload.js": 1659429957686,
  "controller/View1-dbg.controller.js": 1659429234161,
  "model/models-dbg.js": 1659429234166,
  "Component-dbg.js": 1659429234161,
  "resources.json": 1659429957729,
  "view/View1.view.xml": 1659429234175,
  "css/style.css": 1659429234162,
  "index.html": 1659429234163
}